numero;categoria;projeto;url;arquivo;tipo;origem_pdf;score_correspondencia
1;Iluminação Pública;Iluminação Pública – Alagoinhas (BA);https://ppi.gov.br/projetos/iluminacao-publica-alagoinhas-ba/;001_Iluminacao_Publica_Iluminacao_Publica_Alagoinhas_BA.pdf;PDF consolidado da base PPI;Pasta unificada auditada;0.99
2;Iluminação Pública;Iluminação Pública – Aracaju (SE);https://ppi.gov.br/projetos/iluminacao-publica-aracaju-se/;002_Iluminacao_Publica_Iluminacao_Publica_Aracaju_SE.pdf;PDF consolidado da base PPI;Pasta unificada auditada;0.99
3;Iluminação Pública;Iluminação Pública – Araçatuba (SP);https://ppi.gov.br/projetos/iluminacao-publica-ip-aracatuba-sp/;003_Iluminacao_Publica_Iluminacao_Publica_Aracatuba_SP.pdf;PDF consolidado da base PPI;Pasta unificada auditada;0.99
4;Iluminação Pública;Iluminação Pública – Araguari (MG);https://ppi.gov.br/projetos/iluminacao-publica-ip-araguari-mg/;004_Iluminacao_Publica_Iluminacao_Publica_Araguari_MG.pdf;PDF consolidado da base PPI;Pasta unificada auditada;0.99
5;Iluminação Pública;Iluminação Pública – Araripina (PE);https://ppi.gov.br/projetos/iluminacao-publica-araripina-pe/;005_Iluminacao_Publica_Iluminacao_Publica_Araripina_PE.pdf;PDF consolidado da base PPI;Pasta unificada auditada;0.99
6;Iluminação Pública;Iluminação Pública – Ariquemes (RO);https://ppi.gov.br/projetos/iluminacao-publica-ariquemes-ro/;006_Iluminacao_Publica_Iluminacao_Publica_Ariquemes_RO.pdf;PDF consolidado da base PPI;Pasta unificada auditada;0.99
7;Iluminação Pública;Iluminação Pública – Arujá (SP);https://ppi.gov.br/projetos/iluminacao-publica-aruja-sp/;007_Iluminacao_Publica_Iluminacao_Publica_Aruja_SP.pdf;PDF consolidado da base PPI;Pasta unificada auditada;0.99
8;Iluminação Pública;Iluminação Pública – Atibaia (SP);https://ppi.gov.br/projetos/iluminacao-publica-atibaia-sp/;008_Iluminacao_Publica_Iluminacao_Publica_Atibaia_SP.pdf;PDF consolidado da base PPI;Pasta unificada auditada;0.99
9;Iluminação Pública;Iluminação Pública – Barbalha (CE);https://ppi.gov.br/projetos/iluminacao-publica-barbalha-ce/;009_Iluminacao_Publica_Iluminacao_Publica_Barbalha_CE.pdf;PDF consolidado da base PPI;Pasta unificada auditada;0.99
10;Iluminação Pública;Iluminação Pública – Barra dos Coqueiros (SE);https://ppi.gov.br/projetos/iluminacao-publica-barra-dos-coqueiros-se/;010_Iluminacao_Publica_Iluminacao_Publica_Barra_dos_Coqueiros_SE.pdf;PDF consolidado da base PPI;Pasta unificada auditada;0.99
11;Iluminação Pública;Iluminação Pública – Barreiras (BA);https://ppi.gov.br/projetos/iluminacao-publica-barreiras-ba/;011_Iluminacao_Publica_Iluminacao_Publica_Barreiras_BA.pdf;PDF consolidado da base PPI;Pasta unificada auditada;0.99
12;Iluminação Pública;Iluminação Pública – Belém (PA);https://ppi.gov.br/projetos/iluminacao-publica-belem-pa/;012_Iluminacao_Publica_Iluminacao_Publica_Belem_PA.pdf;PDF consolidado da base PPI;Pasta unificada auditada;0.99
13;Iluminação Pública;Iluminação Pública – Cachoeiro de Itapemirim (ES);https://ppi.gov.br/projetos/iluminacao-publica-cachoeiro-do-itapemirim-es/;013_Iluminacao_Publica_Iluminacao_Publica_Cachoeiro_de_Itapemirim_ES.pdf;PDF consolidado da base PPI;Pasta unificada auditada;0.99
14;Iluminação Pública;Iluminação Pública – Caicó (RN);https://ppi.gov.br/projetos/iluminacao-publica-caico-rn/;014_Iluminacao_Publica_Iluminacao_Publica_Caico_RN.pdf;PDF consolidado da base PPI;Pasta unificada auditada;0.99
15;Iluminação Pública;Iluminação Pública – Cajamar (SP);https://ppi.gov.br/projetos/iluminacao-publica-cajamar-sp/;015_Iluminacao_Publica_Iluminacao_Publica_Cajamar_SP.pdf;PDF consolidado da base PPI;Pasta unificada auditada;0.99
16;Iluminação Pública;Iluminação Pública – Cajazeiras (PB);https://ppi.gov.br/projetos/iluminacao-publica-cajazeiras-pb/;016_Iluminacao_Publica_Iluminacao_Publica_Cajazeiras_PB.pdf;PDF consolidado da base PPI;Pasta unificada auditada;0.99
17;Iluminação Pública;Iluminação Pública – Camaçari (BA);https://ppi.gov.br/projetos/iluminacao-publica-camacari-ba/;017_Iluminacao_Publica_Iluminacao_Publica_Camacari_BA.pdf;PDF consolidado da base PPI;Pasta unificada auditada;0.99
18;Iluminação Pública;Iluminação Pública – Cambé (PR);https://ppi.gov.br/projetos/iluminacao-publica-cambe-pr/;018_Iluminacao_Publica_Iluminacao_Publica_Cambe_PR.pdf;PDF consolidado da base PPI;Pasta unificada auditada;0.99
19;Iluminação Pública;Iluminação Pública – Campina Grande (PB);https://ppi.gov.br/projetos/iluminacao-publica-campina-grande-pb/;019_Iluminacao_Publica_Iluminacao_Publica_Campina_Grande_PB.pdf;PDF consolidado da base PPI;Pasta unificada auditada;0.99
20;Iluminação Pública;Iluminação Pública – Campinas (SP);https://ppi.gov.br/projetos/iluminacao-publica-campinas-sp/;020_Iluminacao_Publica_Iluminacao_Publica_Campinas_SP.pdf;PDF consolidado da base PPI;Pasta unificada auditada;0.99
21;Iluminação Pública;Iluminação Pública – Canoas (RS);https://ppi.gov.br/projetos/iluminacao-publica-ip-canoas-rs/;021_Iluminacao_Publica_Iluminacao_Publica_Canoas_RS.pdf;PDF consolidado da base PPI;Pasta unificada auditada;0.99
22;Iluminação Pública;Iluminação Pública – Caruaru (PE);;022_Iluminacao_Publica_Iluminacao_Publica_Caruaru_PE.pdf;PDF consolidado da base PPI;Pasta unificada auditada;0.99
23;Iluminação Pública;Iluminação Pública – Caxias (MA);https://ppi.gov.br/projetos/iluminacao-publica-caxias-ma/;023_Iluminacao_Publica_Iluminacao_Publica_Caxias_MA.pdf;PDF consolidado da base PPI;Pasta unificada auditada;0.99
24;Iluminação Pública;Iluminação Pública – Caxias do Sul (RS);https://ppi.gov.br/projetos/iluminacao-publica-ip-caxias-do-sul-rs/;024_Iluminacao_Publica_Iluminacao_Publica_Caxias_do_Sul_RS.pdf;PDF consolidado da base PPI;Pasta unificada auditada;0.99
25;Iluminação Pública;Iluminação Pública – Colatina (ES);https://ppi.gov.br/projetos/iluminacao-publica-colatina-es/;025_Iluminacao_Publica_Iluminacao_Publica_Colatina_ES.pdf;PDF consolidado da base PPI;Pasta unificada auditada;0.99
26;Iluminação Pública;Iluminação Pública – Consórcio CDS Litoral Sul (BA);https://ppi.gov.br/projetos/iluminacao-publica-litoral-sul-da-bahia-ba/;026_Iluminacao_Publica_Iluminacao_Publica_Consorcio_CDS_Litoral_Sul_BA.pdf;PDF consolidado da base PPI;Pasta unificada auditada;0.99
27;Iluminação Pública;Iluminação Pública – Consórcio CIMPAJEÚ (PE);https://ppi.gov.br/projetos/iluminacao-publica-ip-consorcio-pajeu-betania-brejinho-ingazeira-serra-talhada-sertania-solidao-e-triunfo/;027_Iluminacao_Publica_Iluminacao_Publica_Consorcio_CIMPAJEU_PE.pdf;PDF consolidado da base PPI;Pasta unificada auditada;0.99
28;Iluminação Pública;Iluminação Pública – Consórcio CISAMAVI (SC);https://ppi.gov.br/projetos/iluminacao-publica-consorcio-cisamavi-sc/;028_Iluminacao_Publica_Iluminacao_Publica_Consorcio_CISAMAVI_SC.pdf;PDF consolidado da base PPI;Pasta unificada auditada;0.99
29;Iluminação Pública;Iluminação Pública – Corumbá (MS);https://www.corumba.ms.gov.br/ppp-editais/;029_Iluminacao_Publica_Iluminacao_Publica_Corumba_MS.pdf;PDF consolidado da base PPI;Pasta unificada auditada;0.99
30;Iluminação Pública;Iluminação Pública – Crato (CE);https://portal.ppi.gov.br/iluminacao-publica-crato-ce;030_Iluminacao_Publica_Iluminacao_Publica_Crato_CE.pdf;PDF consolidado da base PPI;Pasta unificada auditada;0.99
31;Iluminação Pública;Iluminação Pública – Cuiabá (MT);https://ppi.gov.br/projetos/iluminacao-publica-cuiaba-mt/;031_Iluminacao_Publica_Iluminacao_Publica_Cuiaba_MT.pdf;PDF consolidado da base PPI;Pasta unificada auditada;0.99
32;Iluminação Pública;Iluminação Pública – Curitiba (PR);;032_Iluminacao_Publica_Iluminacao_Publica_Curitiba_PR.pdf;PDF consolidado da base PPI;Pasta unificada auditada;0.99
33;Iluminação Pública;Iluminação Pública – Fazenda Rio Grande (PR);https://ppi.gov.br/projetos/iluminacao-publica-ip-fazenda-rio-grande-pr/;033_Iluminacao_Publica_Iluminacao_Publica_Fazenda_Rio_Grande_PR.pdf;PDF consolidado da base PPI;Pasta unificada auditada;0.99
34;Iluminação Pública;Iluminação Pública – Feira de Santana (BA);https://ppi.gov.br/projetos/iluminacao-publica-feira-de-santana-ba/;034_Iluminacao_Publica_Iluminacao_Publica_Feira_de_Santana_BA.pdf;PDF consolidado da base PPI;Pasta unificada auditada;0.99
35;Iluminação Pública;Iluminação Pública – Fernandópolis (SP);https://ppi.gov.br/projetos/iluminacao-publica-fernandopolis-sp/;035_Iluminacao_Publica_Iluminacao_Publica_Fernandopolis_SP.pdf;PDF consolidado da base PPI;Pasta unificada auditada;0.99
36;Iluminação Pública;Iluminação Pública – Foz do Iguaçu (PR);https://ppi.gov.br/projetos/iluminacao-publica-ip-foz-do-iguacu-pr/;036_Iluminacao_Publica_Iluminacao_Publica_Foz_do_Iguacu_PR.pdf;PDF consolidado da base PPI;Pasta unificada auditada;0.99
37;Iluminação Pública;Iluminação Pública – Francisco Beltrão (PR);https://ppi.gov.br/projetos/iluminacao-publica-francisco-beltrao-pr/;037_Iluminacao_Publica_Iluminacao_Publica_Francisco_Beltrao_PR.pdf;PDF consolidado da base PPI;Pasta unificada auditada;0.99
38;Iluminação Pública;Iluminação Pública – Franco da Rocha (SP);https://ppi.gov.br/projetos/iluminacao-publica-franco-da-rocha-sp/;038_Iluminacao_Publica_Iluminacao_Publica_Franco_da_Rocha_SP.pdf;PDF consolidado da base PPI;Pasta unificada auditada;0.99
39;Iluminação Pública;Iluminação Pública – Gravataí (RS);https://ppi.gov.br/projetos/iluminacao-publica-gravatai-rs/;039_Iluminacao_Publica_Iluminacao_Publica_Gravatai_RS.pdf;PDF consolidado da base PPI;Pasta unificada auditada;0.99
40;Iluminação Pública;Iluminação Pública – Ibiúna (SP);https://ppi.gov.br/projetos/iluminacao-publica-ibiuna-sp/;040_Iluminacao_Publica_Iluminacao_Publica_Ibiuna_SP.pdf;PDF consolidado da base PPI;Pasta unificada auditada;0.99
41;Iluminação Pública;Iluminação Pública – IP Joinville (SC);https://ppi.gov.br/projetos/iluminacao-publica-ip-joinville/;041_Iluminacao_Publica_Iluminacao_Publica_IP_Joinville_SC.pdf;PDF consolidado da base PPI;Pasta unificada auditada;0.99
42;Iluminação Pública;Iluminação Pública – Itanhaém (SP);https://ppi.gov.br/projetos/iluminacao-publica-itanhaem-sp/;042_Iluminacao_Publica_Iluminacao_Publica_Itanhaem_SP.pdf;PDF consolidado da base PPI;Pasta unificada auditada;0.99
43;Iluminação Pública;Iluminação Pública – Itaperuna (RJ);https://ppi.gov.br/projetos/iluminacao-publica-itaperuna-rj/;043_Iluminacao_Publica_Iluminacao_Publica_Itaperuna_RJ.pdf;PDF consolidado da base PPI;Pasta unificada auditada;0.99
44;Iluminação Pública;Iluminação Pública – Itumbiara (GO);https://ppi.gov.br/projetos/iluminacao-publica-itumbiara-go/;044_Iluminacao_Publica_Iluminacao_Publica_Itumbiara_GO.pdf;PDF consolidado da base PPI;Pasta unificada auditada;0.99
45;Iluminação Pública;Iluminação Pública – Jaboatão dos Guararapes (PE);https://ppi.gov.br/projetos/iluminacao-publica-ip-jaboatao-dos-guararapes-pe/;045_Iluminacao_Publica_Iluminacao_Publica_Jaboatao_dos_Guararapes_PE.pdf;PDF consolidado da base PPI;Pasta unificada auditada;0.99
46;Iluminação Pública;Iluminação Pública – Juazeiro (BA);https://ppi.gov.br/projetos/iluminacao-publica-juazeiro-ba/;046_Iluminacao_Publica_Iluminacao_Publica_Juazeiro_BA.pdf;PDF consolidado da base PPI;Pasta unificada auditada;0.99
47;Iluminação Pública;Iluminação Pública – Lageado (RS);https://ppi.gov.br/projetos/iluminacao-publica-lageado-rs/;047_Iluminacao_Publica_Iluminacao_Publica_Lageado_RS.pdf;PDF consolidado da base PPI;Pasta unificada auditada;0.99
48;Iluminação Pública;Iluminação Pública – Macapá (AP);;048_Iluminacao_Publica_Iluminacao_Publica_Macapa_AP.pdf;PDF consolidado da base PPI;Pasta unificada auditada;0.99
49;Iluminação Pública;Iluminação Pública – Maceió (AL);https://ppi.gov.br/projetos/iluminacao-publica-maceio-al/;049_Iluminacao_Publica_Iluminacao_Publica_Maceio_AL.pdf;PDF consolidado da base PPI;Pasta unificada auditada;0.99
50;Iluminação Pública;Iluminação Pública – Maranguape (CE);https://ppi.gov.br/projetos/iluminacao-publica-ip-maranguape-ce/;050_Iluminacao_Publica_Iluminacao_Publica_Maranguape_CE.pdf;PDF consolidado da base PPI;Pasta unificada auditada;0.99
51;Iluminação Pública;Iluminação Pública – Mogi das Cruzes (SP);;051_Iluminacao_Publica_Iluminacao_Publica_Mogi_das_Cruzes_SP.pdf;PDF consolidado da base PPI;Pasta unificada auditada;0.99
52;Iluminação Pública;Iluminação Pública – Natal (RN);https://ppi.gov.br/projetos/iluminacao-publica-natal-rn/;052_Iluminacao_Publica_Iluminacao_Publica_Natal_RN.pdf;PDF consolidado da base PPI;Pasta unificada auditada;0.99
53;Iluminação Pública;Iluminação Pública – Nova Friburgo (RJ);https://ppi.gov.br/projetos/iluminacao-publica-de-nova-friburgo/;053_Iluminacao_Publica_Iluminacao_Publica_Nova_Friburgo_RJ.pdf;PDF consolidado da base PPI;Pasta unificada auditada;0.99
54;Iluminação Pública;Iluminação Pública – Nova Iguaçu (RJ);https://ppi.gov.br/projetos/iluminacao-publica-nova-iguacu-rj/;054_Iluminacao_Publica_Iluminacao_Publica_Nova_Iguacu_RJ.pdf;PDF consolidado da base PPI;Pasta unificada auditada;0.99
55;Iluminação Pública;Iluminação Pública – Nova Lima (MG);https://ppi.gov.br/projetos/iluminacao-publica-nova-lima-mg/;055_Iluminacao_Publica_Iluminacao_Publica_Nova_Lima_MG.pdf;PDF consolidado da base PPI;Pasta unificada auditada;0.99
56;Iluminação Pública;Iluminação Pública – Novo Hamburgo (RS);https://ppi.gov.br/projetos/iluminacao-publica-novo-hamburgo-rs/;056_Iluminacao_Publica_Iluminacao_Publica_Novo_Hamburgo_RS.pdf;PDF consolidado da base PPI;Pasta unificada auditada;0.99
57;Iluminação Pública;Iluminação Pública – Olinda (PE);https://ppi.gov.br/projetos/iluminacao-publica-ip-olinda-pe/;057_Iluminacao_Publica_Iluminacao_Publica_Olinda_PE.pdf;PDF consolidado da base PPI;Pasta unificada auditada;0.99
58;Iluminação Pública;Iluminação Pública – Paragominas (PA);https://ppi.gov.br/projetos/iluminacao-publica-ip-paragominas-pa/;058_Iluminacao_Publica_Iluminacao_Publica_Paragominas_PA.pdf;PDF consolidado da base PPI;Pasta unificada auditada;0.99
59;Iluminação Pública;Iluminação Pública – Patos (PB);https://ppi.gov.br/projetos/iluminacao-publica-patos-pb/;059_Iluminacao_Publica_Iluminacao_Publica_Patos_PB.pdf;PDF consolidado da base PPI;Pasta unificada auditada;0.99
60;Iluminação Pública;Iluminação Pública – Patos de Minas (MG);https://ppi.gov.br/projetos/iluminacao-publica-patos-de-minas-mg/;060_Iluminacao_Publica_Iluminacao_Publica_Patos_de_Minas_MG.pdf;PDF consolidado da base PPI;Pasta unificada auditada;0.99
61;Iluminação Pública;Iluminação Pública – Patrocínio (MG);https://ppi.gov.br/projetos/iluminacao-publica-patrocinio-mg/;061_Iluminacao_Publica_Iluminacao_Publica_Patrocinio_MG.pdf;PDF consolidado da base PPI;Pasta unificada auditada;0.99
62;Iluminação Pública;Iluminação Pública – Pedro Leopoldo (MG);https://ppi.gov.br/projetos/iluminacao-publica-pedro-leopoldo-mg/;062_Iluminacao_Publica_Iluminacao_Publica_Pedro_Leopoldo_MG.pdf;PDF consolidado da base PPI;Pasta unificada auditada;0.99
63;Iluminação Pública;Iluminação Pública – Petrolina (PE);;063_Iluminacao_Publica_Iluminacao_Publica_Petrolina_PE.pdf;PDF consolidado da base PPI;Pasta unificada auditada;0.99
64;Iluminação Pública;Iluminação Pública – Ponta Grossa (PR);https://ppi.gov.br/projetos/iluminacao-publica-ip-ponta-grossa-pr/;064_Iluminacao_Publica_Iluminacao_Publica_Ponta_Grossa_PR.pdf;PDF consolidado da base PPI;Pasta unificada auditada;0.99
65;Iluminação Pública;Iluminação Pública – Porto Seguro (BA);https://ppi.gov.br/projetos/iluminacao-publica-porto-seguro-ba/;065_Iluminacao_Publica_Iluminacao_Publica_Porto_Seguro_BA.pdf;PDF consolidado da base PPI;Pasta unificada auditada;0.99
66;Iluminação Pública;Iluminação Pública – Ribeirão Preto (SP);https://ppi.gov.br/projetos/iluminacao-publica-ip-ribeirao-preto-sp/;066_Iluminacao_Publica_Iluminacao_Publica_Ribeirao_Preto_SP.pdf;PDF consolidado da base PPI;Pasta unificada auditada;0.99
67;Iluminação Pública;Iluminação Pública – Santa Cruz do Capibaribe (PE);https://ppi.gov.br/projetos/iluminacao-publica-santa-cruz-do-capibaribe-pe/;067_Iluminacao_Publica_Iluminacao_Publica_Santa_Cruz_do_Capibaribe_PE.pdf;PDF consolidado da base PPI;Pasta unificada auditada;0.99
68;Iluminação Pública;Iluminação Pública – Santana do Livramento (RS);https://ppi.gov.br/projetos/iluminacao-publica-santana-do-livramento/;068_Iluminacao_Publica_Iluminacao_Publica_Santana_do_Livramento_RS.pdf;PDF consolidado da base PPI;Pasta unificada auditada;0.99
69;Iluminação Pública;Iluminação Pública – Santo Antônio de Jesus (BA);https://ppi.gov.br/projetos/iluminacao-publica-ip-santo-antonio-de-jesus-ba/;069_Iluminacao_Publica_Iluminacao_Publica_Santo_Antonio_de_Jesus_BA.pdf;PDF consolidado da base PPI;Pasta unificada auditada;0.99
70;Iluminação Pública;Iluminação Pública – São Cristóvão (SE);https://ppi.gov.br/projetos/iluminacao-publica-sao-cristovao-se/;070_Iluminacao_Publica_Iluminacao_Publica_Sao_Cristovao_SE.pdf;PDF consolidado da base PPI;Pasta unificada auditada;0.99
71;Iluminação Pública;Iluminação Pública – Sapucaia do Sul (RS);https://ppi.gov.br/projetos/iluminacao-publica-sapucaia-do-sul-rs/;071_Iluminacao_Publica_Iluminacao_Publica_Sapucaia_do_Sul_RS.pdf;PDF consolidado da base PPI;Pasta unificada auditada;0.99
72;Iluminação Pública;Iluminação Pública – Saquarema (RJ);https://ppi.gov.br/projetos/iluminacao-publica-saquarema-rj/;072_Iluminacao_Publica_Iluminacao_Publica_Saquarema_RJ.pdf;PDF consolidado da base PPI;Pasta unificada auditada;0.99
73;Iluminação Pública;Iluminação Pública – Senhor do Bonfim (BA);;073_Iluminacao_Publica_Iluminacao_Publica_Senhor_do_Bonfim_BA.pdf;PDF consolidado da base PPI;Pasta unificada auditada;0.99
74;Iluminação Pública;Iluminação Pública – Sousa (PB);https://ppi.gov.br/projetos/iluminacao-publica-sousa-pb/;074_Iluminacao_Publica_Iluminacao_Publica_Sousa_PB.pdf;PDF consolidado da base PPI;Pasta unificada auditada;0.99
75;Mobilidade;CBTU – estudos de mobilidade das praças de Natal, João Pessoa e Maceió;https://ppi.gov.br/projetos/cbtu-rn-al-pb-metro-das-regioes-metropolitanas-de-natal-maceio-e-joao-pessoa/;075_Mobilidade_CBTU_estudos_de_mobilidade_das_pracas_de_Natal_Joao_Pessoa_e_Maceio.pdf;PDF consolidado da base PPI;Pasta unificada auditada;0.99
76;Mobilidade;CBTU-PE: Metrô da Região Metropolitana do Recife/PE;https://ppi.gov.br/projetos/cbtu-companhia-brasileira-de-trens-urbanos-4-pracas-al-pb-pe-e-rn/;076_Mobilidade_CBTU_PE_Metro_da_Regiao_Metropolitana_do_Recife_PE.pdf;PDF consolidado da base PPI;Pasta unificada auditada;0.99
77;Mobilidade;CBTU/MG: Metrô da Região Metropolitana de Belo Horizonte/MG;https://ppi.gov.br/wp-content/uploads/2022/11/resolucao-n-132-de-10-de-junho-de-2020-cbtu-minas-gerais.pdf;077_Mobilidade_CBTU_MG_Metro_da_Regiao_Metropolitana_de_Belo_Horizonte_MG.pdf;PDF consolidado da base PPI;Pasta unificada auditada;0.99
78;Mobilidade;TRENSURB: Metrô da Região Metropolitana de Porto Alegre/RS;https://ppi.gov.br/projetos/trensurb-empresa-de-trens-urbanos-de-porto-alegre/;078_Mobilidade_TRENSURB_Metro_da_Regiao_Metropolitana_de_Porto_Alegre_RS.pdf;PDF consolidado da base PPI;Pasta unificada auditada;0.99
79;Resíduos Sólidos;Resíduos Sólidos – Estado de Goiás;https://ppi.gov.br/projetos/residuos-solidos-estado-do-goias/;079_Residuos_Solidos_Residuos_Solidos_Estado_de_Goias.pdf;PDF consolidado da base PPI;Pasta unificada auditada;0.99
80;Resíduos Sólidos;Resíduos Sólidos Urbanos (RSU) – Consórcio CEMMIL/SP;https://ppi.gov.br/projetos/consorcio-cemmil-mogi-guacu-aguai-sao-jose-do-rio-pardo-mococa-vargem-grande-do-sul-espirito-santo-do-pinhal/;080_Residuos_Solidos_Residuos_Solidos_Urbanos_RSU_Consorcio_CEMMIL_SP.pdf;PDF consolidado da base PPI;Pasta unificada auditada;0.99
81;Resíduos Sólidos;Resíduos Sólidos Urbanos (RSU) – Consórcio CI Centro;https://ppi.gov.br/projetos/consorcio-ci-centro-santa-maria-santiago-sao-joao-do-polesine-sao-martinho-da-serra-sao-pedro-do-sul-sao-sepe-silveira-martins-tupancireta-agudo-dilermando-de-aguiar-faxinal-do-soturno-for/;081_Residuos_Solidos_Residuos_Solidos_Urbanos_RSU_Consorcio_CI_Centro.pdf;PDF consolidado da base PPI;Pasta unificada auditada;0.99
82;Resíduos Sólidos;Resíduos Sólidos Urbanos (RSU) – Consórcio CONSUD;https://ppi.gov.br/projetos/consorcio-consud/;082_Residuos_Solidos_Residuos_Solidos_Urbanos_RSU_Consorcio_CONSUD.pdf;PDF consolidado da base PPI;Pasta unificada auditada;0.99
83;Resíduos Sólidos;Resíduos Sólidos Urbanos (RSU) – Consórcio de Desenvolvimento Sustentável do Triângulo Mineiro e Alto Paranaíba – CIDES/MG;https://ppi.gov.br/projetos/rsu-consorcio-publico-intermunicipal-de-desenvolvimento-sustentavel-do-triangulo-mineiro-e-alto-paranaiba-cides-mg/;083_Residuos_Solidos_Residuos_Solidos_Urbanos_RSU_Consorcio_de_Desenvolvimento_Sustentavel_do_Triangulo_Mineiro_e_Alto_Paranaiba_CI.pdf;PDF consolidado da base PPI;Pasta unificada auditada;0.99
84;Resíduos Sólidos;Resíduos Sólidos Urbanos (RSU) – Consórcio de Municípios do Centro Oeste Mineiro – CIAS;https://ppi.gov.br/projetos/consorcio-de-municipios-do-centro-oeste-mineiro-cias-abaete-araujos-bambui-biquinhas-bom-despacho-cedro-do-abaete-conceicao-do-para-corrego-danta-divinopolis-dores-do-indaia-estrela-do-in/;084_Residuos_Solidos_Residuos_Solidos_Urbanos_RSU_Consorcio_de_Municipios_do_Centro_Oeste_Mineiro_CIAS.pdf;PDF consolidado da base PPI;Pasta unificada auditada;0.99
85;Resíduos Sólidos;Resíduos Sólidos Urbanos (RSU) – Consórcio de Saúde do Vale do Ribeira e Litoral Sul – CONSAÚDE/SP;https://ppi.gov.br/projetos/rsu-consorcio-consaude/;085_Residuos_Solidos_Residuos_Solidos_Urbanos_RSU_Consorcio_de_Saude_do_Vale_do_Ribeira_e_Litoral_Sul_CONSAUDE_SP.pdf;PDF consolidado da base PPI;Pasta unificada auditada;0.99
86;Resíduos Sólidos;Resíduos Sólidos Urbanos (RSU) – Consórcio do Sertão do Araripe Pernambucano – CISAPE/PE;https://ppi.gov.br/projetos/rsu-consorcio-intermunicipal-do-sertao-do-araripe-pernambucano-cisape-pe/;086_Residuos_Solidos_Residuos_Solidos_Urbanos_RSU_Consorcio_do_Sertao_do_Araripe_Pernambucano_CISAPE_PE.pdf;PDF consolidado da base PPI;Pasta unificada auditada;0.99
87;Resíduos Sólidos;Resíduos Sólidos Urbanos (RSU) – Consórcio Intermunicipal de Desenvolvimento Sustentável da Serra Gaúcha – CISGA;https://ppi.gov.br/projetos/consorcio-cisga/;087_Residuos_Solidos_Residuos_Solidos_Urbanos_RSU_Consorcio_Intermunicipal_de_Desenvolvimento_Sustentavel_da_Serra_Gaucha_CISGA.pdf;PDF consolidado da base PPI;Pasta unificada auditada;0.99
88;Resíduos Sólidos;Resíduos Sólidos Urbanos (RSU) – Consórcio Mogiana;https://ppi.gov.br/projetos/rsu-consorcio-mogiana-barrinha-cravinhos-dumont-guara-ipua-jaboticabal-jardinopolis-luis-antonio-morro-agudo-pitangueiras-pradopolis-ribeirao-preto-rincao-santa-lucia-sao-da-joaquim/;088_Residuos_Solidos_Residuos_Solidos_Urbanos_RSU_Consorcio_Mogiana.pdf;PDF consolidado da base PPI;Pasta unificada auditada;0.99
89;Resíduos Sólidos;Resíduos Sólidos Urbanos (RSU) – Consórcio Oeste Paulista;https://ppi.gov.br/projetos/consorcio-oeste-paulista-alvares-machado-caiabu-martinopolis-paraguacu-paulista-presidente-bernardes-presidente-prudente-rancharia-regente-feijo-santo-anastacio-santo-expedito/;089_Residuos_Solidos_Residuos_Solidos_Urbanos_RSU_Consorcio_Oeste_Paulista.pdf;PDF consolidado da base PPI;Pasta unificada auditada;0.99
90;Resíduos Sólidos;RESÍDUOS SÓLIDOS URBANOS (RSU) – Consórcio Público de Saneamento da Bacia Hidrográfica do Rio dos Sinos/RS;https://ppi.gov.br/projetos/consorcio-rio-dos-sinos-ararica-campo-bom-capela-de-santana-esteio-glorinha-igrejinha-nova-hartz-nova-santa-rita-parobe-portao-riozinho-rolante-sao-franciso-de-paula-sapucaia-do-sul/;090_Residuos_Solidos_RESIDUOS_SOLIDOS_URBANOS_RSU_Consorcio_Publico_de_Saneamento_da_Bacia_Hidrografica_do_Rio_dos_Sinos_RS.pdf;PDF consolidado da base PPI;Pasta unificada auditada;0.99
91;Resíduos Sólidos;Resíduos Sólidos Urbanos (RSU) – Consórcio Público do Agreste PE e Fronteiras – CONIAPE/PE;https://ppi.gov.br/projetos/rsu-consorcio-publico-intermunicipal-do-agreste-pe-e-fronteiras-coniape-pe/;091_Residuos_Solidos_Residuos_Solidos_Urbanos_RSU_Consorcio_Publico_do_Agreste_PE_e_Fronteiras_CONIAPE_PE.pdf;PDF consolidado da base PPI;Pasta unificada auditada;0.99
92;Resíduos Sólidos;RESÍDUOS SÓLIDOS URBANOS (RSU) – Consórcio Público dos Municípios da Mata Sul – COMSUL/PE;https://ppi.gov.br/projetos/rsu-consorcio-publico-dos-municipios-da-mata-sul-comsul-pe/;092_Residuos_Solidos_RESIDUOS_SOLIDOS_URBANOS_RSU_Consorcio_Publico_dos_Municipios_da_Mata_Sul_COMSUL_PE.pdf;PDF consolidado da base PPI;Pasta unificada auditada;0.99
93;Resíduos Sólidos;Resíduos Sólidos Urbanos (RSU) – Consórcio Regional de Saneamento Básico Central de Minas – CORESAB;https://ppi.gov.br/projetos/rsu-consorcio-regional-de-saneamento-basico-central-de-minas-coresab/;093_Residuos_Solidos_Residuos_Solidos_Urbanos_RSU_Consorcio_Regional_de_Saneamento_Basico_Central_de_Minas_CORESAB.pdf;PDF consolidado da base PPI;Pasta unificada auditada;0.99
94;Resíduos Sólidos;Resíduos Sólidos Urbanos (RSU) – Consórcio Sustentável do Território do São Francisco – CONSTESF/BA;https://ppi.gov.br/projetos/rsu-consorcio-sustentavel-do-territorio-do-sao-francisco-constesf-ba/;094_Residuos_Solidos_Residuos_Solidos_Urbanos_RSU_Consorcio_Sustentavel_do_Territorio_do_Sao_Francisco_CONSTESF_BA.pdf;PDF consolidado da base PPI;Pasta unificada auditada;0.99
95;Resíduos Sólidos;RESÍDUOS SÓLIDOS URBANOS (RSU) – Estado do Amapá;https://ppi.gov.br/projetos/residos-solidos-estado-do-amapa/;095_Residuos_Solidos_RESIDUOS_SOLIDOS_URBANOS_RSU_Estado_do_Amapa.pdf;PDF consolidado da base PPI;Pasta unificada auditada;0.99
96;Saneamento;Distribuição de água e tratamento de esgotos – Arapiraca – Bloco D Alagoas;https://ppi.gov.br/projetos/distribuicao-de-agua-e-tratamento-de-esgotos-arapiraca-bloco-d-alagoas/;096_Saneamento_Distribuicao_de_agua_e_tratamento_de_esgotos_Arapiraca_Bloco_D_Alagoas.pdf;PDF consolidado da base PPI;Pasta unificada auditada;0.99
97;Saneamento;Distribuição de água: Engenho Maranhão/PE (Ipojuca e Cabo de Santo Agostinho);https://ppi.gov.br/projetos/distribuicao-de-agua-engenho-maranhao-pe-ipojuca-e-cabo-de-santo-agostinho/;097_Saneamento_Distribuicao_de_agua_Engenho_Maranhao_PE_Ipojuca_e_Cabo_de_Santo_Agostinho.pdf;PDF consolidado da base PPI;Pasta unificada auditada;0.99
98;Saneamento;Esgotamento Sanitário – Volta Redonda/RJ;https://ppi.gov.br/projetos/esgotamento-sanitario-volta-redonda-rj/;098_Saneamento_Esgotamento_Sanitario_Volta_Redonda_RJ.pdf;PDF consolidado da base PPI;Pasta unificada auditada;0.99
99;Saneamento;Saneamento básico – Estado da Paraíba;https://ppi.gov.br/projetos/saneamento-basico-estado-da-paraiba/;099_Saneamento_Saneamento_basico_Estado_da_Paraiba.pdf;PDF consolidado da base PPI;Pasta unificada auditada;0.99
100;Saneamento;Saneamento Básico – Estado de Goiás;https://ppi.gov.br/projetos/saneamento-basico-estado-de-goias/;100_Saneamento_Saneamento_Basico_Estado_de_Goias.pdf;PDF consolidado da base PPI;Pasta unificada auditada;0.99
101;Saneamento;Saneamento básico – Estado de Rondônia;https://ppi.gov.br/projetos/saneamento-basico-estado-de-rondonia/;101_Saneamento_Saneamento_basico_Estado_de_Rondonia.pdf;PDF consolidado da base PPI;Pasta unificada auditada;0.99
102;Saneamento;Saneamento básico – Estado de Sergipe;https://ppi.gov.br/projetos/saneamento-basico-estado-de-sergipe/;102_Saneamento_Saneamento_basico_Estado_de_Sergipe.pdf;PDF consolidado da base PPI;Pasta unificada auditada;0.99
103;Saneamento;Saneamento Básico – Estado do Maranhão;https://ppi.gov.br/projetos/saneamento-basico-estado-do-maranhao/;103_Saneamento_Saneamento_Basico_Estado_do_Maranhao.pdf;PDF consolidado da base PPI;Pasta unificada auditada;0.99
104;Saneamento;Saneamento Básico – Estado do Pará;https://ppi.gov.br/projetos/saneamento-basico-estado-do-para/;104_Saneamento_Saneamento_Basico_Estado_do_Para.pdf;PDF consolidado da base PPI;Pasta unificada auditada;0.99
105;Saneamento;Saneamento Básico – Estado do Pará – Bloco B;https://ppi.gov.br/projetos/saneamento-basico-estado-do-para-bloco-b/;105_Saneamento_Saneamento_Basico_Estado_do_Para_Bloco_B.pdf;PDF consolidado da base PPI;Pasta unificada auditada;0.99
106;Saneamento;Saneamento Básico – Estado do Rio Grande do Norte;https://ppi.gov.br/projetos/saneamento-basico-estado-do-rio-grande-do-norte/;106_Saneamento_Saneamento_Basico_Estado_do_Rio_Grande_do_Norte.pdf;PDF consolidado da base PPI;Pasta unificada auditada;0.99
107;Saneamento;Saneamento básico – Município de Porto Alegre/RS;https://ppi.gov.br/projetos/saneamento-basico-municipio-de-porto-alegre-rs/;107_Saneamento_Saneamento_basico_Municipio_de_Porto_Alegre_RS.pdf;PDF consolidado da base PPI;Pasta unificada auditada;0.99
108;Saneamento;Saneamento básico – São Gonçalo do Amarante/RN;https://ppi.gov.br/projetos/saneamento-basico-sao-goncalo-do-amarante-rn/;108_Saneamento_Saneamento_basico_Sao_Goncalo_do_Amarante_RN.pdf;PDF consolidado da base PPI;Pasta unificada auditada;0.99
109;Iluminação Pública;Iluminação Pública – São Félix do Xingu (PA);https://ppi.gov.br/projetos/iluminacao-publica-ip-sao-felix-do-xingu-pa/;109_Iluminacao_Publica_Iluminacao_Publica_Sao_Felix_do_Xingu_PA.pdf;PDF consolidado da base PPI;Pasta unificada auditada;0.99
110;Iluminação Pública;Iluminação Pública – São José do Rio Pardo (SP);https://ppi.gov.br/projetos/iluminacao-publica-sao-jose-do-rio-pardo-sp/;110_Iluminacao_Publica_Iluminacao_Publica_Sao_Jose_do_Rio_Pardo_SP.pdf;PDF consolidado da base PPI;Pasta unificada auditada;0.99
111;Iluminação Pública;Iluminação Pública – São José dos Pinhais (PR);https://ppi.gov.br/projetos/iluminacao-publica-sao-jose-dos-pinhais-pr/;111_Iluminacao_Publica_Iluminacao_Publica_Sao_Jose_dos_Pinhais_PR.pdf;PDF consolidado da base PPI;Pasta unificada auditada;0.99
112;Iluminação Pública;Iluminação Pública – São João Del Rei (MG);https://ppi.gov.br/projetos/iluminacao-publica-sao-joao-del-rei-mg/;112_Iluminacao_Publica_Iluminacao_Publica_Sao_Joao_Del_Rei_MG.pdf;PDF consolidado da base PPI;Pasta unificada auditada;0.99
113;Iluminação Pública;Iluminação Pública – São Pedro da Aldeia (RJ);https://ppi.gov.br/projetos/iluminacao-publica-sao-pedro-da-aldeia-rj/;113_Iluminacao_Publica_Iluminacao_Publica_Sao_Pedro_da_Aldeia_RJ.pdf;PDF consolidado da base PPI;Pasta unificada auditada;0.99
114;Iluminação Pública;Iluminação Pública – Timon (MA);https://ppi.gov.br/projetos/iluminacao-publica-ip-timon-ma/;114_Iluminacao_Publica_Iluminacao_Publica_Timon_MA.pdf;PDF consolidado da base PPI;Pasta unificada auditada;0.99
115;Iluminação Pública;Iluminação Pública – Timóteo (MG);https://ppi.gov.br/projetos/iluminacao-publica-timoteo-mg/;115_Iluminacao_Publica_Iluminacao_Publica_Timoteo_MG.pdf;PDF consolidado da base PPI;Pasta unificada auditada;0.99
116;Iluminação Pública;Iluminação Pública – Três Rios (RJ);https://ppi.gov.br/projetos/iluminacao-publica-tres-rios-rj/;116_Iluminacao_Publica_Iluminacao_Publica_Tres_Rios_RJ.pdf;PDF consolidado da base PPI;Pasta unificada auditada;0.99
117;Iluminação Pública;Iluminação Pública – Valença (BA);https://ppi.gov.br/projetos/iluminacao-publica-valenca-ba/;117_Iluminacao_Publica_Iluminacao_Publica_Valenca_BA.pdf;PDF consolidado da base PPI;Pasta unificada auditada;0.99
118;Iluminação Pública;Iluminação Pública – Vitória de Santo Antão (PE);https://ppi.gov.br/projetos/iluminacao-publica-vitoria-de-santo-antao-pe/;118_Iluminacao_Publica_Iluminacao_Publica_Vitoria_de_Santo_Antao_PE.pdf;PDF consolidado da base PPI;Pasta unificada auditada;0.99
119;Saneamento;Saneamento – CASAL (AL);https://ppi.gov.br/projetos/saneamento-casal-al/;119_Saneamento_Saneamento_CASAL_AL.pdf;PDF consolidado da base PPI;Pasta unificada auditada;0.99
120;Saneamento;Saneamento Básico – Estado do Pará – Bloco C;https://ppi.gov.br/projetos/saneamento-basico-estado-do-para-bloco-c/;120_Saneamento_Saneamento_Basico_Estado_do_Para_Bloco_C.pdf;PDF consolidado da base PPI;Pasta unificada auditada;0.99
121;Saneamento;Saneamento Básico – Estado do Pará – Bloco D;https://ppi.gov.br/projetos/saneamento-basico-estado-do-para-bloco-d/;121_Saneamento_Saneamento_Basico_Estado_do_Para_Bloco_D.pdf;PDF consolidado da base PPI;Pasta unificada auditada;0.99
122;Iluminação Pública;Iluminação Pública – Consórcio Alto Sertão (BA);https://ppi.gov.br/projetos/iluminacao-publica-consorcio-alto-sertao-ba/;122_Iluminacao_Publica_Iluminacao_Publica_Consorcio_Alto_Sertao_BA.pdf;PDF consolidado da base PPI;Pasta unificada auditada;0.99
123;Iluminação Pública;Iluminação Pública – Consórcio CONDER (PR);https://ppi.gov.br/projetos/iluminacao-publica-consorcio-conder-pr/;123_Iluminacao_Publica_Iluminacao_Publica_Consorcio_CONDER_PR.pdf;PDF consolidado da base PPI;Pasta unificada auditada;0.99
124;Iluminação Pública;Iluminação Pública – Teixeira de Freitas (BA);https://ppi.gov.br/projetos/iluminacao-publica-teixeira-de-freitas-ba/;124_Iluminacao_Publica_Iluminacao_Publica_Teixeira_de_Freitas_BA.pdf;PDF consolidado da base PPI;Pasta unificada auditada;0.99
125;Iluminação Pública;Iluminação Pública – Toledo (PR);https://ppi.gov.br/projetos/iluminacao-publica-ip-toledo-pr/;125_Iluminacao_Publica_Iluminacao_Publica_Toledo_PR.pdf;PDF consolidado da base PPI;Pasta unificada auditada;0.99
126;Iluminação Pública;Iluminação Pública – Vila Velha (ES);https://ppi.gov.br/projetos/iluminacao-publica-vila-velha-es/;126_Iluminacao_Publica_Iluminacao_Publica_Vila_Velha_ES.pdf;PDF consolidado da base PPI;Pasta unificada auditada;0.99
127;Habitação;Habitação para Locação Social – Campo Grande/MS;https://ppi.gov.br/projetos/locacao-social-campo-grande/;127_Habitacao_Habitacao_para_Locacao_Social_Campo_Grande_MS.pdf;PDF consolidado da base PPI;Pasta unificada auditada;0.99
128;Habitação;Habitação para Locação Social – Maceió/AL;https://ppi.gov.br/projetos/habitacao-para-locacao-social-maceio-al/;128_Habitacao_Habitacao_para_Locacao_Social_Maceio_AL.pdf;PDF consolidado da base PPI;Pasta unificada auditada;0.99
129;Habitação;Habitação para Locação Social – Recife/PE;https://ppi.gov.br/projetos/locacao-social-recife/;129_Habitacao_Habitacao_para_Locacao_Social_Recife_PE.pdf;PDF consolidado da base PPI;Pasta unificada auditada;0.99
130;Habitação;Habitação para Locação Social – Santo André/SP;https://ppi.gov.br/projetos/habitacao-para-locacao-social-santo-andre-sp/;130_Habitacao_Habitacao_para_Locacao_Social_Santo_Andre_SP.pdf;PDF consolidado da base PPI;Pasta unificada auditada;0.99
131;Saneamento;Distribuição de água e tratamento de esgoto - Estado do Rio de Janeiro - Blocos 1, 2 e 4;https://ppi.gov.br/projetos/distribuicao-de-agua-e-tratamento-de-esgoto-estado-do-rio-de-janeiro-blocos-1-2-e-4/;131_Saneamento_Distribuicao_de_agua_e_tratamento_de_esgoto_Estado_do_Rio_de_Janeiro_Blocos_1_2_e_4.pdf;PDF consolidado da base PPI;Pasta unificada auditada;0.99
132;Saneamento;Distribuição de água e tratamento de esgoto - Estado do Amapá;https://ppi.gov.br/projetos/distribuicao-de-agua-e-tratamento-de-esgoto-estado-do-amapa/;132_Saneamento_Distribuicao_de_agua_e_tratamento_de_esgoto_Estado_do_Amapa.pdf;PDF consolidado da base PPI;Pasta unificada auditada;0.99
133;Saneamento;Distribuição de água e tratamento de esgoto - Bloco B - Estado de Alagoas (Zona da Mata e Agreste);https://ppi.gov.br/projetos/distribuicao-de-agua-e-tratamento-de-esgoto-bloco-b-estado-de-alagoas-zona-da-mata-e-agreste/;133_Saneamento_Distribuicao_de_agua_e_tratamento_de_esgoto_Bloco_B_Estado_de_Alagoas_Zona_da_Mata_e_Agreste.pdf;PDF consolidado da base PPI;Pasta unificada auditada;0.99
134;Saneamento;Distribuição de água e tratamento de esgoto - Bloco A - Estado de Alagoas (RM Alagoas);https://ppi.gov.br/projetos/distribuicao-de-agua-e-tratamento-de-esgoto-bloco-a-estado-de-alagoas-rm-alagoas/;134_Saneamento_Distribuicao_de_agua_e_tratamento_de_esgoto_Bloco_A_Estado_de_Alagoas_RM_Alagoas.pdf;PDF consolidado da base PPI;Pasta unificada auditada;0.99
135;Saneamento;Saneamento Básico - Estado de Pernambuco - Bloco 1;https://ppi.gov.br/projetos/saneamento-basico-estado-de-pernambuco/;135_Saneamento_Saneamento_Basico_Estado_de_Pernambuco_Bloco_1.pdf;PDF consolidado da base PPI;Pasta unificada auditada;0.99
136;Saneamento;Saneamento Básico - Estado de Pernambuco - Bloco 2;https://ppi.gov.br/projetos/saneamento-basico-estado-de-pernambuco-bloco-2/;136_Saneamento_Saneamento_Basico_Estado_de_Pernambuco_Bloco_2.pdf;PDF consolidado da base PPI;Pasta unificada auditada;0.99
137;Saneamento;Serviços de resíduos sólidos urbanos, água e esgotamento sanitário - Município de São Simão/GO;https://ppi.gov.br/projetos/servicos-de-residuos-solidos-urbanos-agua-e-esgotamento-sanitario-municipio-de-sao-simao-go/;137_Saneamento_Servicos_de_residuos_solidos_urbanos_agua_e_esgotamento_sanitario_Sao_Simao_GO.pdf;PDF consolidado da base PPI;Pasta unificada auditada;0.99
138;Saneamento;Tratamento de esgoto - Estado do Ceará;https://ppi.gov.br/projetos/tratamento-de-esgoto-estado-do-ceara/;138_Saneamento_Tratamento_de_esgoto_Estado_do_Ceara.pdf;PDF consolidado da base PPI;Pasta unificada auditada;0.99
139;Saneamento;Esgotamento Sanitário - Crato/CE;https://ppi.gov.br/projetos/esgotamento-sanitario-crato-ce/;139_Saneamento_Esgotamento_Sanitario_Crato_CE.pdf;PDF consolidado da base PPI;Pasta unificada auditada;0.99
140;Saneamento;Distribuição de água e tratamento de esgoto - Estado do Rio de Janeiro - CEDAE (Bloco 3);https://ppi.gov.br/projetos/distribuicao-de-agua-e-tratamento-de-esgoto-estado-do-rio-de-janeiro-cedae-bloco-3/;140_Saneamento_Distribuicao_de_agua_e_tratamento_de_esgoto_Rio_de_Janeiro_CEDAE_Bloco_3.pdf;PDF consolidado da base PPI;Pasta unificada auditada;0.99
141;Saneamento;Corsan - Estado do Rio Grande do Sul;https://ppi.gov.br/projetos/corsan-estado-do-rio-grande-do-sul/;141_Saneamento_Corsan_Estado_do_Rio_Grande_do_Sul.pdf;PDF consolidado da base PPI;Pasta unificada auditada;0.99
142;Resíduos Sólidos;Resíduos Sólidos Urbanos - RSU - Consórcio Municipal Convale/MG;https://ppi.gov.br/projetos/residuos-solidos-urbanos-rsu-consorcio-municipal-convale-mg-uberaba-conceicao-das-alagoas-sacramento-delta-planura-campo-florido-verissimo-e-agua-comprida/;142_Residuos_Solidos_RSU_Consorcio_Municipal_Convale_MG.pdf;PDF consolidado da base PPI;Pasta unificada auditada;0.99
143;Resíduos Sólidos;Resíduos Sólidos Urbanos - RSU - Consórcio Municipal Comares/CE;https://ppi.gov.br/projetos/residuos-solidos-urbanos-rsu-consorcio-municipal-comares-ce-altaneira-barbalha-caririacu-crato-farias-brito-jardim-missao-velha-nova-olinda-e-santana-do-cariri/;143_Residuos_Solidos_RSU_Consorcio_Municipal_Comares_CE.pdf;PDF consolidado da base PPI;Pasta unificada auditada;0.99
144;Saneamento;Tratamento de esgoto - Município de Cariacica/ES;https://ppi.gov.br/projetos/tratamento-de-esgoto-municipio-de-cariacica-es/;144_Saneamento_Tratamento_de_esgoto_Municipio_de_Cariacica_ES.pdf;Ficha consolidada de fontes oficiais;PPI / BNDES / Governo do Espírito Santo;1
